input_required	Hey {address}. It's waiting on you.
input_required	Hey {address}. Your call.
input_required	Hey. It needs an answer.
input_required	Hey. Over to you.
input_required	Hey. It's stuck on you.
input_required	Hey. Need a decision.
input_required	Hey. Take a look.
input_required	Hey. It's waiting.
done	Clean work, {address}.
done	Solid, {address}.
done	Done. Ship it.
done	Clean.
done	That's done.
done	Good. Next.
done	Works. Moving on.
done	Done. Not bad.
failed	Seen worse. Go again.
failed	Broke. Happens.
failed	Failed. Take another look.
failed	That's a no. Try again.
focus_done	Break. Get up.
focus_done	Step away a minute.
focus_done	Stretch. Then water.
focus_done	Eyes off the screen.
break_done	Back at it.
break_done	Break's over.
break_done	Alright. Let's go.
break_done	Where were we.
first_done	First one. Good start, {address}.
first_done	One down.
first_done	First of the day.
milestone	You're on a roll, {address}.
milestone	Steady. Keep going.
milestone	Good day's work so far.
late_night_done	Done. Go home, {address}.
late_night_done	It's late. Go to bed.
late_night_done	Done. Sleep, kid.
late_night_input	Hey. Late, but it needs you.
late_night_input	Hey. One more, then bed.
late_night_input	Hey. Still up? It's waiting.
greeting_morning	Morning, {address}.
greeting_morning	Morning. Coffee first.
greeting_morning	Morning. Let's get to it.
greeting_afternoon	Afternoon, {address}.
greeting_afternoon	Afternoon. Back at it.
greeting_afternoon	Afternoon. Let's keep going.
greeting_evening	Evening, {address}.
greeting_evening	Evening. Don't stay late.
greeting_evening	Evening. Long day?
long_session	Been hours, {address}. Stretch.
long_session	Get up. Drink some water.
long_session	Take a real break.
welcome_back	There you are, {address}.
welcome_back	You're back. Good.
welcome_back	Welcome back.
