input_required	嘿，{address}，等你拍板。
input_required	嘿，{address}，等你发话。
input_required	嘿，它候着你呢。
input_required	嘿，过来瞅一眼。
input_required	嘿，它等你拿主意呢。
input_required	嘿，有事儿找你。
input_required	嘿，该你了。
input_required	嘿，它卡你这儿了。
done	{address}，倍儿棒！
done	{address}，有两下子啊。
done	得嘞，齐活！
done	这活儿干得漂亮。
done	妥了，又一件。
done	成了，利索。
done	嘿，办得地道。
done	完事儿，歇口气儿。
failed	多大点儿事儿，再来。
failed	没成，甭着急。
failed	卡住了，不打紧。
failed	砸了？没事儿，常有的事儿。
focus_done	到点儿了，歇会儿吧。
focus_done	起来遛个弯儿。
focus_done	喝口茶，眼睛歇歇。
focus_done	别盯着了，活动活动。
break_done	歇够了吧？接着干。
break_done	得，回来干活儿。
break_done	精神头儿回来了，走着。
break_done	收收心，开工。
first_done	{address}，开门红啊！
first_done	头一件，齐活。
first_done	开张了，好兆头。
milestone	{address}，今儿个真能干。
milestone	今儿个手气真顺。
milestone	一件接一件，有你的。
late_night_done	完事儿了，{address}赶紧睡去。
late_night_done	都几点了，快歇着吧。
late_night_done	收工收工，明儿再说。
late_night_input	嘿，这么晚还得你瞅一眼。
late_night_input	嘿，弄完这个就睡去。
late_night_input	嘿，它还等着你呢。
greeting_morning	早啊，{address}，吃了吗您？
greeting_morning	早，今儿个天儿不错。
greeting_morning	早上好，慢慢儿来。
greeting_afternoon	{address}，下午好啊。
greeting_afternoon	回来啦？接着来。
greeting_afternoon	下午了，别太累着。
greeting_evening	{address}，晚上好，辛苦了。
greeting_evening	来了您呐，今儿怎么样？
greeting_evening	这么晚还来，别熬太晚。
long_session	{address}，起来溜达溜达。
long_session	腰该受不了了，起来活动活动。
long_session	该歇了，别硬撑着。
welcome_back	{address}回来啦？
welcome_back	哟，可算回来了。
welcome_back	回来了？接着来吧。
