input_required	欸，{address}，它在等你点头喔。
input_required	欸，它卡住了，等你拿主意。
input_required	欸，它要你做个决定啦。
input_required	欸，你过来看一下嘛。
input_required	欸，{address}，它在问你耶。
input_required	欸，它不敢乱动，等你喔。
input_required	欸，有件事要你确认一下。
input_required	欸，它在等你回它啦。
done	好耶，{address}，做完了！
done	{address}好厉害，搞定啰。
done	完成了，辛苦啦。
done	又一件做完了耶。
done	好了好了，收工一件。
done	漂亮，顺利完成喔。
done	做完啰，可以喘口气了。
done	好棒，这件结束了。
failed	唉呀，它卡住了，没关系啦。
failed	出了点状况，不要紧喔。
failed	这次没成功，再试一次嘛。
failed	它遇到问题了，去看看吧。
focus_done	二十五分钟到啰，休息一下吧。
focus_done	时间到，起来走一走喔。
focus_done	先让眼睛休息一下啦。
focus_done	去喝口水，伸个懒腰吧。
break_done	休息结束啰，继续加油！
break_done	回来啦，我们接着做吧。
break_done	好啦，该收心啰。
break_done	精神有没有好一点？继续吧。
first_done	{address}，今天第一件完成啰！
first_done	开张啦，好的开始喔。
first_done	第一件搞定，今天会很顺耶。
milestone	{address}今天做好多喔，好厉害！
milestone	哇，状态超好的耶。
milestone	越来越顺了，继续保持喔。
late_night_done	做完了，{address}快去睡啦。
late_night_done	完成啰，不要再熬夜了喔。
late_night_done	这么晚还在拼，辛苦你了。
late_night_input	欸，这么晚了它还在等你。
late_night_input	欸，睡前再帮它看一下嘛。
late_night_input	欸，它还要你确认一下喔。
greeting_morning	{address}早安！今天也一起加油喔。
greeting_morning	早啊，睡得好不好？
greeting_morning	早安，先吃个早餐嘛。
greeting_afternoon	{address}午安，吃饱了没？
greeting_afternoon	下午好，我们继续吧。
greeting_afternoon	你回来啦，下午也加油喔。
greeting_evening	{address}晚上好，今天辛苦了。
greeting_evening	你来啦，晚上不要太累喔。
greeting_evening	这么晚还来，辛苦你了。
long_session	{address}做好久了耶，休息一下嘛。
long_session	忙这么久了，起来动一动喔。
long_session	眼睛累了吧？歇一下啦。
welcome_back	{address}回来啦！好想你喔。
welcome_back	欸，你终于回来了耶。
welcome_back	好久不见，我们继续吧。
